<?xml version="1.0" encoding="UTF-8"?>
<!DOCTYPE mapper PUBLIC "-//mybatis.org//DTD Mapper 3.0//EN" "http://mybatis.org/dtd/mybatis-3-mapper.dtd">
<mapper namespace="cn.stylefeng.guns.modular.system.dao.PatientHealthMapper">

    <!-- 通用查询映射结果 -->
    <resultMap id="BaseResultMap" type="cn.stylefeng.guns.modular.system.model.PatientHealth">
        <id column="id" property="id" />
        <result column="heart_jump" property="heartJump" />
        <result column="blood_pressure" property="bloodPressure" />
        <result column="blood_ox" property="bloodOx" />
        <result column="pulse" property="pulse" />
        <result column="date" property="date" />
        <result column="patient_idcard" property="patientIdcard" />
        <result column="patient_name" property="patientName" />
    </resultMap>

    <!-- 通用查询结果列 -->
    <sql id="Base_Column_List">
        id, heart_jump, blood_pressure, blood_ox, pulse, date, patient_idcard, patient_name
    </sql>

</mapper>
